fold,LSTM-M AUC,EERNN-M S1 AUC
1,0.8274558545155117,0.9601430659212694
2,0.8423890083118053,0.9571414432682789
3,0.843302178920423,0.9628007269678098
4,0.8552759448004577,0.9630193338673219
5,0.8071844120980447,0.960262498398326
