{
  "avg_score_hist": 0.45204172615751026,
  "n_completed_hist": 0.1032045415381826,
  "min_score_hist": 0.08064444941813016,
  "clicks_quiz": 0.03562373596065021,
  "clicks_oucontent": 0.02545416240449265,
  "max_score_hist": 0.022875182478122254,
  "std_score_hist": 0.022301270066821612,
  "clicks_externalquiz": 0.01971543480600146,
  "period_clicks_subpage": 0.01632380628526036,
  "total_period_clicks": 0.014418749714718725,
  "std_days_activity": 0.013760415691016742,
  "clicks_forumng": 0.012861646019878877,
  "clicks_url": 0.012621438562646409,
  "engagement_span": 0.012274194917816913,
  "period_clicks_quiz": 0.010323680933593432,
  "first_activity_day": 0.008441869957236727,
  "period_clicks_homepage": 0.008408087237959798,
  "n_active_days": 0.00801232581695209,
  "period_clicks_oucontent": 0.007406358583841044,
  "min_session_clicks": 0.0072305509508911285,
  "std_sent_hist": 0.006924842627044076,
  "avg_types_per_session": 0.0068552450961579855,
  "clicks_page": 0.0058294421499023325,
  "max_sent_hist": 0.00538341572260484,
  "max_session_clicks": 0.004881038193379518,
  "n_sessions": 0.004868064996939059,
  "avg_sent_hist": 0.004768593591313948,
  "avg_clicks_per_session": 0.004749546718988277,
  "imd_band_num": 0.004255750668850241,
  "clicks_resource": 0.0038871253673094155,
  "clicks_homepage": 0.0038770125903915364,
  "clicks_subpage": 0.0038494455945964246,
  "period_clicks_externalquiz": 0.003747827168545724,
  "period_clicks_url": 0.0037352566815394644,
  "min_sent_hist": 0.003525753025591487,
  "clicks_ouwiki": 0.003480454208514998,
  "clicks_oucollaborate": 0.0034639522977733214,
  "clicks_glossary": 0.003001942586152035,
  "avg_resources_per_session": 0.002662354466616103,
  "gender_num": 0.00250620800147428,
  "std_clicks_per_session": 0.002473536712605539,
  "education_level": 0.0024183840857638006,
  "period_clicks_forumng": 0.0023217755588130534,
  "clicks_questionnaire": 0.002196122490248387,
  "clicks_ouelluminate": 0.0019570885056301008,
  "period_clicks_resource": 0.0015658243204159901,
  "num_of_prev_attempts": 0.0013306038005609444,
  "clicks_folder": 0.0011715678846067083,
  "period_clicks_ouwiki": 0.0010490817116861168,
  "period_clicks_oucollaborate": 0.0007249038091043172,
  "clicks_dualpane": 0.000704584693553163,
  "period_clicks_dataplus": 0.0006536913310675808,
  "period_clicks_folder": 0.0003634939221214104,
  "clicks_dataplus": 0.0002199159131071179,
  "period_clicks_glossary": 0.00019482124298658888,
  "age_band_num": 0.00015354364044583598,
  "period_clicks_dualpane": 0.00012620152439620175,
  "clicks_htmlactivity": 0.00012248627762958406,
  "period_clicks_ouelluminate": 5.5473319849047945e-05,
  "clicks_sharedsubpage": 0.0,
  "clicks_repeatactivity": 0.0,
  "period_clicks_htmlactivity": 0.0,
  "period_clicks_repeatactivity": 0.0,
  "period_clicks_questionnaire": 0.0,
  "period_clicks_page": 0.0,
  "period_clicks_sharedsubpage": 0.0
}