set,AUC,n_pos_labels,n_neg_labels
1,0.9692124542124542,333,108
2,0.9712918660287081,485,111
3,0.9758970781988685,408,85
4,0.959620130112914,342,105
5,0.969985844466071,287,106
